{
  "current_exercise": 4,
  "current_step": "concept_explanation",
  "last_activity": "2025-09-07T14:18:50.426893",
  "completed_steps": [
    "ex_1_concept_explanation",
    "ex_1_concept_check",
    "ex_1_parameters",
    "ex_1_execution",
    "ex_1_results",
    "ex_2_concept_explanation",
    "ex_2_concept_check",
    "ex_2_parameters",
    "ex_2_execution",
    "ex_2_results",
    "ex_3_concept_explanation",
    "ex_3_concept_check",
    "ex_3_parameters",
    "ex_3_execution",
    "ex_3_results",
    "ex_4_concept_explanation",
    "ex_4_concept_check",
    "ex_4_parameters",
    "ex_4_execution",
    "ex_4_results"
  ],
  "completed_exercises": [
    1,
    2,
    3,
    4
  ]
}