{
  "responses": [
    {
      "session_id": "unknown",
      "timestamp": "2025-09-06T20:03:06.075473",
      "exercise": 1,
      "step": "concept_check",
      "question": "\nWhat is the difference between a scalar and a vector, and why are shapes important \nwhen working with neural networks? Give an example of each.\n        ",
      "response": "aaaa bbbb"
    },
    {
      "session_id": "unknown",
      "timestamp": "2025-09-06T20:03:38.931232",
      "exercise": 1,
      "step": "parameters",
      "question": "Parameters for Scalars, Vectors, and Shapes",
      "response": "{'vector1_size': 4, 'vector2_size': 7, 'scalar_value': 1}"
    },
    {
      "session_id": "unknown",
      "timestamp": "2025-09-06T20:06:20.472687",
      "exercise": 1,
      "step": "results_explanation",
      "question": "\nLooking at the results:\n- Vector 1 has shape (4,) with values [1 9 8 1]\n- Vector 2 has shape (7,) with values [4 5 2 5 7 1 4]\n- Scalar multiplication by 1.0 changed the values\n\nQuestions:\n1. Why do Vector 1 and Vector 2 have different shapes?\n2. How does scalar multiplication affect the vector?\n3. In what scenarios would you use row vs column vectors in neural networks?\n4. What would happen if you tried to add Vector 1 and Vector 2 directly?\n        ",
      "response": "aaa bbb"
    },
    {
      "session_id": "unknown",
      "timestamp": "2025-09-06T20:07:20.557962",
      "exercise": 1,
      "step": "concept_check",
      "question": "\nWhat is the difference between a scalar and a vector, and why are shapes important \nwhen working with neural networks? Give an example of each.\n        ",
      "response": "aaa bbbb"
    },
    {
      "session_id": "unknown",
      "timestamp": "2025-09-06T20:07:29.203373",
      "exercise": 1,
      "step": "parameters",
      "question": "Parameters for Scalars, Vectors, and Shapes",
      "response": "{'vector1_size': 5, 'vector2_size': 3, 'scalar_value': 2.5}"
    },
    {
      "session_id": "unknown",
      "timestamp": "2025-09-06T20:07:44.839369",
      "exercise": 1,
      "step": "results_explanation",
      "question": "\nLooking at the results:\n- Vector 1 has shape (5,) with values [3 9 6 6 1]\n- Vector 2 has shape (3,) with values [7 2 8]\n- Scalar multiplication by 2.5 changed the values\n\nQuestions:\n1. Why do Vector 1 and Vector 2 have different shapes?\n2. How does scalar multiplication affect the vector?\n3. In what scenarios would you use row vs column vectors in neural networks?\n4. What would happen if you tried to add Vector 1 and Vector 2 directly?\n        ",
      "response": "aaaa"
    },
    {
      "session_id": "unknown",
      "timestamp": "2025-09-06T20:09:31.270157",
      "exercise": 2,
      "step": "concept_check",
      "question": "\nExplain the geometric meaning of vector addition and how scalar multiplication \naffects a vector's magnitude and direction. How do these operations relate to \nresidual connections in Transformer architectures?\n        ",
      "response": "aaaaa"
    },
    {
      "session_id": "unknown",
      "timestamp": "2025-09-06T20:10:24.237377",
      "exercise": 2,
      "step": "parameters",
      "question": "Parameters for Vector Addition and Scalar Multiplication",
      "response": "{'vector_dimension': 3, 'num_random_vectors': 6, 'scalar_positive': 2, 'scalar_negative': -0.5, 'scalar_fractional': 0.2}"
    },
    {
      "session_id": "unknown",
      "timestamp": "2025-09-06T20:23:40.571033",
      "exercise": 2,
      "step": "results_explanation",
      "question": "\nAnalyzing the results from 6 vector pairs:\n\n1. How does vector addition geometrically combine two vectors?\n\n2. Compare the effects of the three scalar multiplications:\n   - Positive scalar (2.0): How did it affect magnitude and direction?\n   - Negative scalar (-0.5): What happened to the vectors?\n   - Fractional scalar (0.2): How did this change the vectors?\n\n3. Triangle Inequality: Did you observe ||u+v|| \u2264 ||u|| + ||v|| in all cases? \n   When might ||u+v|| = ||u|| + ||v||?\n\n4. How do these operations relate to:\n   - Residual connections in Transformers?\n   - Attention weight applications?\n   - Position embedding additions?\n\n5. What would happen if you used very large or very small scalar values?\n        ",
      "response": "1 aaaa"
    },
    {
      "session_id": "unknown",
      "timestamp": "2025-09-06T20:25:21.296532",
      "exercise": 3,
      "step": "concept_check",
      "question": "\nExplain the relationship between inner product, norm, and angle between vectors. \nHow does cosine similarity help measure semantic similarity in NLP, and why is \nnormalization important in neural networks?\n        ",
      "response": "aaa"
    },
    {
      "session_id": "unknown",
      "timestamp": "2025-09-06T20:26:08.190296",
      "exercise": 3,
      "step": "parameters",
      "question": "Parameters for Norms and Inner Product",
      "response": "{'vector_dimension': 3, 'num_vector_pairs': 100, 'specific_vector1': '1,0,0', 'specific_vector2': '0,1,0'}"
    },
    {
      "session_id": "unknown",
      "timestamp": "2025-09-06T20:29:29.332950",
      "exercise": 3,
      "step": "results_explanation",
      "question": "\nAnalyzing the inner product and norm results:\n\nSPECIFIC VECTORS ANALYSIS:\n- Your vectors had cosine similarity: 0.0000\n- Angle between them: 90.00\u00b0\n- Norms: ||u|| = 1.000, ||v|| = 1.000\n\nSTATISTICAL OBSERVATIONS:\n- Random pairs cosine similarity mean: -0.1064\n- Angle distribution centered around: 97.6\u00b0\n\nQUESTIONS:\n1. What does the cosine similarity value tell you about the relationship between your specific vectors?\n\n2. Why might the mean cosine similarity of random vectors be close to 0?\n\n3. How would you interpret these results in the context of:\n   - Word embeddings similarity?\n   - Attention scores in Transformers?\n\n4. What happens to attention scores when:\n   - Vectors are orthogonal (cos \u03b8 = 0)?\n   - Vectors are parallel (cos \u03b8 = 1)?\n   - Vectors are antiparallel (cos \u03b8 = -1)?\n\n5. Why is normalization crucial in neural networks, and how does it affect the attention mechanism?\n\n6. If these were word embeddings, what would high/low cosine similarity indicate about word relationships?\n        ",
      "response": "aaa"
    },
    {
      "session_id": "unknown",
      "timestamp": "2025-09-06T20:33:24.756369",
      "exercise": 4,
      "step": "concept_check",
      "question": "\nExplain what it means for two vectors to be orthogonal and describe the geometric \ninterpretation of vector projection. How does orthogonal projection relate to \ndimensionality reduction techniques like PCA?\n        ",
      "response": "aaaaa"
    },
    {
      "session_id": "unknown",
      "timestamp": "2025-09-06T20:34:00.681588",
      "exercise": 4,
      "step": "parameters",
      "question": "Parameters for Orthogonality and Projection",
      "response": "{'vector_to_project': '5,3,1', 'projection_direction': '1,1,0', 'dimension': 3, 'num_random_vectors': 50}"
    },
    {
      "session_id": "unknown",
      "timestamp": "2025-09-06T20:37:44.514381",
      "exercise": 4,
      "step": "results_explanation",
      "question": "\nAnalyzing the orthogonal projection results:\n\nMAIN PROJECTION:\n- Original vector: [5. 3. 1.]\n- Direction vector: [1. 1. 0.]\n- Projection: [4. 4. 0.]\n- Residual: [ 1. -1.  1.]\n- Projection ratio: 0.956\n\nSTATISTICAL SUMMARY:\n- Average projection ratio: 0.540\n- Projection length range: [0.18, 6.47]\n\nQUESTIONS:\n1. What does the projection ratio tell you about how much of the original vector \n   lies in the direction of the projection vector?\n\n2. Why is the residual always orthogonal to the direction vector? What does this mean geometrically?\n\n3. How does the Pythagorean theorem (||x||\u00b2 = ||proj||\u00b2 + ||residual||\u00b2) relate to \n   the decomposition of vectors?\n\n4. In PCA, how would you choose the direction vector to maximize information retention?\n\n5. How do these projections relate to:\n   - Dimensionality reduction techniques?\n   - Least squares regression?\n   - The concept of \"signal\" vs \"noise\" in data?\n\n6. If this were applied to word embeddings, what would projecting onto different \n   directions reveal about semantic relationships?\n        ",
      "response": "aaaa"
    }
  ]
}